seqIndex,prediction,distToMargin,P(-1),P(+1)
1,-1,-1.6760381693229325,0.9958590355405806,0.004140964459419337
2,-1,-1.0865733878554087,0.9712852408830688,0.02871475911693131
3,-1,-0.9224819144112245,0.9510657274806604,0.04893427251933968
4,-1,-1.013588860227259,0.9635713920001542,0.03642860799984585
5,-1,-0.9481071601774669,0.9549512073266337,0.045048792673366325
6,-1,-1.1496395921373057,0.9766379215118263,0.02336207848817367
7,-1,-1.1022666259904228,0.9727207551401332,0.027279244859866887
8,-1,-0.8464138800592792,0.9402475076522993,0.059752492347700546
9,-1,-0.7358024212941715,0.9162029914853507,0.08379700851464934
10,-1,-0.35159942087459944,0.7553199579382082,0.2446800420617917
11,-1,-0.3125898376772585,0.7308197473106899,0.2691802526893103
12,-1,-0.6124339082439023,0.8792935283065221,0.12070647169347784
13,-1,-0.3522271615492048,0.7557016287426712,0.24429837125732892
14,-1,-0.40080612013799877,0.7840048395715682,0.215995160428432
15,-1,-0.0015358797639752984,0.4937288092459914,0.5062711907540086
16,1,0.0753492093165562,0.43070408709405705,0.5692959129059428
17,1,0.01202693337795751,0.48257387977453176,0.5174261202254683
18,-1,-0.09963592977629576,0.5737160025311047,0.4262839974688955
19,-1,-0.3144188648116026,0.7320024572121373,0.26799754278786275
20,-1,-1.0479347960800047,0.9674261478710666,0.032573852128933274
21,-1,-0.8241620340195126,0.9359973116834326,0.06400268831656757
22,-1,-0.8506093883592251,0.9383825237809327,0.06161747621906734
23,-1,-0.6855742802288711,0.9026048266937521,0.09739517330624793
24,-1,-0.527985694638522,0.8465487668744922,0.1534512331255079
25,-1,-0.7897152937715619,0.9288595690529577,0.07114043094704241
26,-1,-1.5314062216310016,0.9933350107031016,0.006664989296898419
27,-1,-1.6769010753285472,0.9958707787033164,0.0041292212966836835
28,-1,-1.8707403411015875,0.997818300479861,0.00218169952013892
29,-1,-2.13075284171042,0.9990729420023606,0.0009270579976393421
30,-1,-1.339587895681898,0.9874751269038914,0.012524873096108523
31,-1,-1.4411790836389646,0.9910317880388749,0.008968211961125173
32,-1,-1.2212103154078127,0.9815236593448861,0.018476340655113974
33,-1,-1.4054850575190634,0.9899147469890226,0.010085253010977444
34,-1,-1.3531425712741834,0.9880208931454688,0.011979106854531156
35,-1,-1.188990469375262,0.9794642449204934,0.020535755079506557
36,-1,-0.7033503280396963,0.9076288102838953,0.09237118971610443
37,-1,-0.8594989250084311,0.9401052893601355,0.05989471063986452
38,-1,-1.2099475881075377,0.9808282103932748,0.019171789606725116
39,-1,-0.6831463632326836,0.901900008080978,0.09809999191902184
40,-1,-0.3469669789337863,0.7524909540621958,0.24750904593780404
41,-1,-0.4769772154251149,0.8234479495344972,0.1765520504655027
42,-1,-0.38525970435770124,0.7752133422592212,0.2247866577407788
43,-1,-0.014513425163297592,0.5,0.5
44,-1,-0.028504459601332584,0.5159152069928272,0.4840847930071728
45,1,0.3544247039852099,0.23203957169273398,0.7679604283072661
46,-1,-1.2107120916048515,0.9808762286294049,0.019123771370595042
47,-1,-1.080798452258556,0.9707384566588814,0.02926154334111872
48,-1,-1.0010776419690328,0.9620591519934161,0.03794084800658394
49,-1,-1.1016443577395723,0.9726652060954669,0.027334793904533
50,-1,-0.9616677218556561,0.9568850727202863,0.04311492727971373
51,-1,-1.2498300397417363,0.9831800957678274,0.016819904232172615
52,-1,-1.0013740808726725,0.9620956814238116,0.03790431857618828
53,-1,-0.4781403732443157,0.8240038772149038,0.17599612278509616
54,-1,-1.1960332806989111,0.9799330363314231,0.02006696366857691
55,-1,-0.355591095208136,0.7577400520727384,0.24225994792726158
56,-1,-0.3622737479112475,0.7617550596003437,0.2382449403996563
57,-1,-0.2962712619566025,0.7201228613695714,0.2798771386304288
58,-1,-0.4105131788303086,0.7893664896605302,0.21063351033946962
59,-1,-0.18546710855495455,0.6392528654931376,0.3607471345068623
60,-1,-0.11066661013780237,0.5824691371924174,0.4175308628075826
61,-1,-0.10608791555925971,0.5788454669428653,0.4211545330571346
62,1,0.13090740212108762,0.38527074887168383,0.6147292511283161
63,-1,-0.4314379830445196,0.8005902045152131,0.19940979548478693
64,-1,-0.498287145356253,0.8334153683851869,0.1665846316148132
65,-1,-1.2456233938867554,0.982946217837198,0.017053782162801952
66,-1,-0.7623690137006481,0.9226770150202571,0.07732298497974294
67,-1,-0.9063545297241714,0.9484573204657174,0.05154267953428256
68,-1,-0.41177123219789524,0.7900541791512516,0.20994582084874835
69,-1,-0.9064890848713277,0.9484796241336638,0.05152037586633603
70,-1,-0.8313734745050438,0.9374046982774492,0.06259530172255101
71,-1,-1.6193291608205227,0.995009405282087,0.004990594717913026
72,-1,-1.9284800988818322,0.9981959137657349,0.0018040862342650434
73,-1,-1.8462365228668183,0.9976350489420427,0.0023649510579572025
74,-1,-1.8009051405993286,0.9972545048713876,0.002745495128612334
75,-1,-1.5046449590361637,0.9927215752094599,0.0072784247905401485
76,-1,-1.3632320679880567,0.9884116807241362,0.01158831927586373
77,-1,-1.2210870403336136,0.9815161847478671,0.018483815252132947
78,-1,-1.192644022396542,0.9797087776951245,0.02029122230487549
79,-1,-1.3434623071801077,0.9876336088758241,0.01236639112417602
80,-1,-0.9626311273238648,0.9570193629158332,0.042980637084166676
81,-1,-0.6118921580593077,0.8791041333681893,0.12089586663181093
82,-1,-0.9195771461525601,0.9506054602395411,0.04939453976045899
83,-1,-1.1404560368184076,0.9759247331212567,0.02407526687874325
84,-1,-0.6785694594667838,0.9005589746380224,0.09944102536197756
85,-1,-0.5250580471419696,0.845292735612981,0.15470726438701904
86,-1,-0.20906485695472396,0.6560788382932868,0.34392116170671316
87,-1,-0.32480422263249764,0.7386552042787103,0.2613447957212896
88,1,0.11496477455439819,0.39833872086100963,0.6016612791389904
89,1,0.12611551061191978,0.38920330076412163,0.6107966992358783
90,-1,-1.1999638764469132,0.9801900343218505,0.019809965678149674
91,-1,-1.1481637890582685,0.9765247386415258,0.02347526135847425
92,-1,-1.0865054175027322,0.9712788642156257,0.028721135784374303
93,-1,-1.108971978380193,0.9733123095087087,0.02668769049129115
94,-1,-1.0677711550411841,0.9694670724518449,0.030532927548154974
95,-1,-1.146447962461681,0.9763924651365113,0.023607534863488527
96,-1,-0.6317578650340783,0.8858833763874491,0.11411662361255077
97,-1,-0.9427408380431356,0.954162986736269,0.04583701326373103
98,-1,-1.190574790285271,0.9795706407898117,0.020429359210188305
99,-1,-0.398615327764825,0.7827811807540455,0.21721881924595446
100,-1,-0.0699181983579326,0.5497911562139419,0.4502088437860581
101,-1,-0.3537681758371266,0.7566368666407399,0.24336313335926008
102,-1,-0.2136578475891952,0.6592897176434415,0.34071028235655854
103,-1,-0.29482804888710473,0.7191644160880653,0.280835583911935
104,-1,-0.26740289488347424,0.7005771023972511,0.29942289760274887
105,1,0.004673438573026914,0.48862063975604325,0.5113793602439567
106,-1,-0.2071663174348581,0.654745512801678,0.3452544871983221
107,-1,-0.6158294848890441,0.8804747934251286,0.1195252065748715
108,-1,-0.7061500226600529,0.9083985343739265,0.09160146562607357
109,-1,-1.1848424408357778,0.9791830706275181,0.020816929372481953
110,-1,-0.8105828579718855,0.9332668882980942,0.06673311170190596
111,-1,-0.6258015814424769,0.8838862929411955,0.11611370705880439
112,-1,-0.7936778555343565,0.9297166551425361,0.07028334485746379
113,-1,-0.9412348653415684,0.9539394035450418,0.04606059645495824
114,-1,-0.9416017605872539,0.9539939711495495,0.04600602885045047
115,-1,-1.8905017257719388,0.9979556905495722,0.002044309450427645
116,-1,-1.9026730769773998,0.9980359706113754,0.0019640293886245804
117,-1,-1.5448228333266116,0.9936228306442084,0.006377169355791615
118,-1,-1.948719622510709,0.9983121839906003,0.001687816009399618
119,-1,-1.4300582068918386,0.9906976935006201,0.00930230649937996
120,-1,-1.3577602155397517,0.9882013492830337,0.01179865071696627
121,-1,-1.0217540334307624,0.964526393852037,0.035473606147962904
122,-1,-1.196210565293096,0.9799446988561897,0.02005530114381023
123,-1,-1.1107088245544559,0.973463459822622,0.026536540177378134
124,-1,-0.8636700325845156,0.9408978963928181,0.059102103607181974
125,-1,-0.6823027409824086,0.9016540442650852,0.09834595573491481
126,-1,-0.8754854624854066,0.9430896372160735,0.05691036278392657
127,-1,-1.1290975948895574,0.9750127829672485,0.02498721703275165
128,-1,-0.8451886797357573,0.9400205280838275,0.059979471916172464
129,-1,-0.2614375540669046,0.6964420058422695,0.3035579941577306
130,-1,-0.1658926728534398,0.6248807399207275,0.3751192600792726
131,-1,-0.17304765420390872,0.6301771181177065,0.36982288188229356
132,1,0.28105840942437416,0.277823426878425,0.7221765731215748
133,-1,-1.2601324515145451,0.9837394921528249,0.01626050784717524
134,-1,-1.223862045870667,0.9816837177400649,0.01831628225993514
135,-1,-1.180963796995977,0.9789167025335986,0.02108329746640129
136,-1,-1.2044151627799475,0.9804771332005503,0.01952286679944969
137,-1,-0.9788009014193915,0.959213657059157,0.04078634294084303
138,-1,-0.7781857283834325,0.926310605281883,0.07368939471811699
139,-1,-1.079957982252651,0.970658028762416,0.029341971237583874
140,-1,-0.9505613498022245,0.9553073071344852,0.04469269286551482
141,-1,-1.224219279159026,0.9817051747454832,0.018294825254516773
142,-1,-0.1113900817006718,0.5830404038652474,0.41695959613475275
143,-1,-0.21766702679969968,0.6620754648932298,0.33792453510677023
144,-1,-0.2570527169091964,0.6933820489594215,0.30661795104057876
145,-1,-0.3305336526826622,0.7422794089315847,0.25772059106841533
146,-1,-0.4410706135371943,0.8056038556487572,0.19439614435124256
147,-1,-0.3061625013353075,0.7266375618629796,0.2733624381370205
148,-1,-0.32420193939092024,0.7382723172828896,0.2617276827171103
149,-1,-0.408665157943137,0.7883533141447596,0.21164668585524024
150,-1,-0.8090511849625334,0.9329522058524063,0.06704779414759376
151,-1,-0.681202864498263,0.9013325427473748,0.09866745725262518
152,-1,-1.2205628821571892,0.9814843696476475,0.01851563035235251
153,-1,-0.5238824644967487,0.8447860238743539,0.15521397612564616
154,-1,-0.9938302439489305,0.961155318165336,0.038844681834664135
155,-1,-0.8324475683147726,0.9376118315468399,0.062388168453159885
156,-1,-1.0434668706782744,0.9669482847314408,0.03305171526855914
157,-1,-1.2338149587066298,0.9822722771795794,0.017727722820420552
158,-1,-1.8709768038989303,0.9978199978561616,0.002180002143838397
159,-1,-1.6188638377731384,0.9950017573731088,0.004998242626891156
160,-1,-1.6903832402736705,0.9960499912114159,0.003950008788584108
161,-1,-1.8656940685586973,0.9977817606621441,0.0022182393378560135
162,-1,-1.4229288014130277,0.9904770039006802,0.009522996099319858
163,-1,-1.16858569971704,0.9780438158766425,0.02195618412335746
164,-1,-1.0253386590504519,0.9649378767624657,0.03506212323753446
165,-1,-0.9730524884943728,0.9584463321593574,0.04155366784064254
166,-1,-1.0186815499660133,0.9641699429968862,0.03583005700311386
167,-1,-0.9276775945456373,0.9518787376476293,0.048121262352370735
168,-1,-0.6584323790461135,0.8944634825648425,0.10553651743515735
169,-1,-0.8846739811571309,0.9447406088904494,0.05525939110955058
170,-1,-1.2791973636310865,0.9847262879474077,0.0152737120525922
171,-1,-0.5790513563200324,0.8671364891356672,0.13286351086433276
172,-1,-0.22312226444981315,0.6658406531810458,0.3341593468189542
173,-1,-0.015549336339915962,0.5052600412540452,0.4947399587459547
174,1,0.012864807762997673,0.4818851307153877,0.5181148692846121
175,-1,-1.328103615877502,0.9869933691985762,0.013006630801423908
176,-1,-1.2414895923516223,0.9827132393309818,0.017286760669018335
177,-1,-1.2706156337937877,0.98428970133138,0.01571029866862002
178,-1,-1.1140753205428082,0.9737540283264642,0.026245971673535772
179,-1,-0.6324147707211736,0.8861017888006578,0.11389821119934208
180,-1,-1.2104202084308198,0.9808579096486386,0.019142090351361277
181,-1,-1.0816761971059414,0.9708222197430874,0.02917778025691246
182,-1,-0.9956392167675037,0.9613828639917797,0.038617136008220324
183,-1,-0.930079555090501,0.9522501866170594,0.04774981338294063
184,-1,-0.17537253730001925,0.6318874898347593,0.3681125101652406
185,-1,-0.07112932302752314,0.5507742942854994,0.44922570571450054
186,-1,-0.3900705884644348,0.777960774347028,0.2220392256529718
187,-1,-0.6183726647745237,0.8813529684938335,0.11864703150616668
188,-1,-0.4762008208721193,0.823076107032183,0.17692389296781696
189,-1,-0.6186814277855422,0.8814592052641441,0.1185407947358561
190,-1,-0.5251719275941662,0.8453417496711128,0.1546582503288873
191,-1,-0.6032274771579162,0.8760400044411961,0.12395999555880406
192,-1,-0.7800916669833079,0.9267376956088436,0.07326230439115636
193,-1,-0.7438892805741103,0.9182241508018327,0.08177584919816751
194,-1,-0.9316920111954926,0.9524979939580646,0.04750200604193536
195,-1,-0.8795340432929692,0.943822765926312,0.05617723407368803
196,-1,-1.0204384623597824,0.9643741959434704,0.035625804056529674
197,-1,-0.9382522092547269,0.9534934763442404,0.04650652365575959
198,-1,-1.3313705997461216,0.9871322667083741,0.012867733291625919
199,-1,-1.247896687419399,0.9830730055639754,0.01692699443602453
200,-1,-1.616604971369048,0.9949644645401879,0.0050355354598122124
201,-1,-1.7595569763256962,0.9968542502398835,0.003145749760116571
202,-1,-1.6136302250734158,0.9949149282455769,0.00508507175442303
203,-1,-1.8524542828095139,0.9976829567107909,0.002317043289209065
204,-1,-1.244123251117265,0.9828620339479267,0.017137966052073274
205,-1,-1.1685096744581105,0.9780383454672567,0.021961654532743475
206,-1,-0.7967837344024931,0.9303817606522754,0.06961823934772461
207,-1,-1.0541733478686117,0.9680820589934006,0.03191794100659939
208,-1,-1.1494361579227892,0.9766223518205934,0.023377648179406584
209,-1,-0.9084012549438554,0.9487955863133233,0.05120441368667677
210,-1,-0.6836047742663518,0.9020334309280869,0.09796656907191334
211,-1,-1.0386142020807454,0.9664214798076014,0.033578520192398535
212,-1,-1.0053335151320064,0.9625803150200096,0.03741968497999042
213,-1,-0.5426618301880457,0.8527196976776517,0.14728030232234796
214,-1,-0.07069209948897127,0.5504194423633972,0.44958055763660276
215,1,0.16866934102542983,0.3540762950343949,0.645923704965605
